{"cameraMode":{"drawMode":0,"name":"Shaded","section":"Shading Mode"},"sceneLighting":true,"audioPlay":false,"sceneViewState":{"showFog":true,"showMaterialUpdate":false,"showSkybox":true,"showFlares":true,"showImageEffects":true,"showParticleSystems":true,"showVisualEffectGraphs":true,"m_FxEnabled":true},"in2DMode":false,"pivot":{"x":-2.948525905609131,"y":16.400423049926759,"z":-11.50882339477539},"rotation":{"x":0.19577525556087495,"y":0.022062702104449273,"z":-0.004405357409268618,"w":0.9803903698921204},"size":5.552854061126709,"orthographic":false}