{"cameraMode":{"drawMode":0,"name":"Shaded","section":"Shading Mode"},"sceneLighting":true,"audioPlay":false,"sceneViewState":{"showFog":true,"showMaterialUpdate":false,"showSkybox":true,"showFlares":true,"showImageEffects":true,"showParticleSystems":true,"showVisualEffectGraphs":true,"m_FxEnabled":true},"in2DMode":false,"pivot":{"x":-7.894454002380371,"y":2.1295058727264406,"z":25.810401916503908},"rotation":{"x":0.13181093335151673,"y":0.1383652240037918,"z":-0.018548225983977319,"w":0.9814433455467224},"size":15.337227821350098,"orthographic":false}